{
  "Ridge Regression": {
    "val_mae": 3931.362322965784,
    "val_rmse": 6380.408743570789,
    "val_r2": 0.8114917070462924,
    "test_mae": 3875.5627563799458,
    "test_rmse": 6180.239340064493,
    "test_r2": 0.8223522147234443,
    "train_time": 0.05128026008605957,
    "pred_time": 0.00456547737121582
  },
  "Ridge (Tuned)": {
    "val_mae": 3931.376824352968,
    "val_rmse": 6380.465533324213,
    "val_r2": 0.8114883513405539,
    "test_mae": 3875.5573276949003,
    "test_rmse": 6180.251178921463,
    "test_r2": 0.8223515341191442,
    "train_time": 0.053409576416015625,
    "pred_time": 0.0039327144622802734
  },
  "KNN (k=10, distance)": {
    "val_mae": 1327.5063248944914,
    "val_rmse": 2611.4000589293046,
    "val_r2": 0.9684223158259112,
    "test_mae": 1309.0444694860562,
    "test_rmse": 2511.837246185448,
    "test_r2": 0.9706551292415628,
    "train_time": 0.00438237190246582,
    "pred_time": 75.46372556686401
  },
  "KNN (Tuned)": {
    "val_mae": 1334.000709343924,
    "val_rmse": 2614.6330192639675,
    "val_r2": 0.9683440799429758,
    "test_mae": 1320.3875764962245,
    "test_rmse": 2533.090723590844,
    "test_r2": 0.9701564352029708,
    "train_time": 0.003486156463623047,
    "pred_time": 333.6145465373993
  },
  "LinearSVR": {
    "val_mae": 4318.443004636432,
    "val_rmse": 6992.316767813331,
    "val_r2": 0.7736004043620126,
    "test_mae": 4270.714703133537,
    "test_rmse": 6821.273086342472,
    "test_r2": 0.7835886259683121,
    "train_time": 10.162970304489136,
    "pred_time": 0.0037491321563720703
  },
  "SVR (RBF, 30K sample)": {
    "val_mae": 5236.509533197113,
    "val_rmse": 8768.506808245233,
    "val_r2": 0.6439715162729007,
    "test_mae": 5206.431547429424,
    "test_rmse": 8679.244813749989,
    "test_r2": 0.6496411546901268,
    "train_time": 42.24920344352722,
    "pred_time": 123.86206698417664
  }
}